
[
  {
    "name": "Collection List",
    "settings": [
      {
        "type": "text",
        "id": "collection_handle",
        "label": "Collection Handle",
        "default": "t-shirts",
        "info": "Enter the handle of the Shopify collection you want to display. Example: 't-shirts' or 'hoodies'."
      },
      {
        "type": "text",
        "id": "title",
        "label": "Title",
        "default": "T-Shirts",
        "info": "The title that will appear above the collection on your page."
      },
      {
        "type": "color",
        "id": "header_color",
        "label": "Header background color",
        "default": "#ffffff",
        "info": "Optional: set a custom background color for the collection title header."
      }
    ]
  }
]